Id,Brand,Model,Year,Grade SAE (all-season),Oil Type,Recommended Brand
LB-001,Mitsubishi,Lancer (3rd gen),1988,10W-30,"mineral, hydrocracking","Lucas Oil, Valvoline, Kixx, Exxon, Royal Purple"
LB-002,Mitsubishi,Lancer (3rd gen),1989,"15W-30, 10W-30","mineral, hydrocracking","Exxon, Royal Purple, Mannol, Chevron, Total, Kendall"
LB-003,Mitsubishi,Lancer (3rd gen),1990,15W-30,"mineral, hydrocracking","Kixx, Exxon, Royal Purple, Mannol, Chevron, Total, Kendall"
LB-004,Mitsubishi,Lancer (3rd gen),1991,"10W-30, 15W-30, 15W-40        ","mineral, hydrocracking","Mobil, Kixx, Exxon, Royal Purple, Mannol, Chevron, Total, Kendall"
LB-005,Mitsubishi,Lancer (3rd gen),1992,"10W-30, 15W-30, 15W-40","mineral, hydrocracking","Motorex, Kixx, Exxon, Royal Purple, Mannol, Chevron,"
LB-006,Mitsubishi,Lancer (3rd gen),1993,"10W-30, 15W-30, 15W-40	","mineral, hydrocracking","Motorex, Kixx, Exxon, Royal Purple, Mannol, Chevron,"
LB-007,Mitsubishi,Lancer (3rd gen),1994,"10W-30, 15W-30, 15W-40","mineral, hydrocracking","Mobil, Kixx, Exxon, Royal Purple, Mannol, Chevron, Total, Kendall"
LB-008,Mitsubishi,Lancer (3rd gen),1995,"10W-30, 15W-30, 15W-40","semisynthetics, mineral, hydrocracking","Motorex, Kixx, Exxon, Royal Purple, Ecopower"
LB-009,Mitsubishi,Lancer (3rd gen),1996,"10W-30, 10W-40, 15W-30","semisynthetics, mineral, hydrocracking","Mobil, Valvoline, Kixx, Exxon, Royal Purple, Mannol"
LB-010,Mitsubishi,Lancer (5th gen),1997,"10W-40, 15W-30, 15W-40","semisynthetics, mineral, hydrocracking","Kixx, Exxon, Royal Purple, Ecopower"
LB-011,Mitsubishi,Lancer (5th gen),1998,"10W-30, 10W-40, 5W-40","semisynthetics, mineral","Mobil, Valvoline, Kixx, Exxon, Ecopower"
LB-012,Mitsubishi,Lancer (5th gen),1999,"10W-30, 10W-40","semisynthetics, mineral","Valvoline, Kixx, Exxon, Royal Purple, Ecopower"
LB-013,Mitsubishi,Lancer (5th gen),2000,"10W-30, 10W-40, 15W-40, 15W-30","semisynthetics, mineral","Mobil, Pentosin, Lucas Oil, Valvoline, Royal Purple, Mannol"
LB-014,Mitsubishi,Lancer (6th gen),2000,"10W-30, 10W-40, 15W-40, 15W-30","semisynthetics, mineral","Mobil, Pentosin, Lucas Oil, Valvoline, Royal Purple, Mannol"
LB-015,Mitsubishi,Lancer (6th gen),2001,"10W-30, 15W-40, 15W-30","semisynthetics, mineral","Valucraft, Pentosin, Lucas Oil, Valvoline, Kixx"
LB-016,Mitsubishi,Lancer (6th gen),2002,"10W-40, 15W-40, 15W-30","semisynthetics, mineral","Pentosin, Lucas Oil, Valvoline, Select, Kixx, Exxon, Royal Purple, Mannol, Chevron"
LB-017,Mitsubishi,Lancer (6th gen),2003,"10W-30, 10W-40, 15W-40, 15W-30","semisynthetics, mineral","Mobil, Royal Purple, Select, Mannol, Chevron"
LB-018,Mitsubishi,Lancer (6th gen),2004,"10W-30, 10W-40, 15W-40, 15W-30","semisynthetics, mineral","Mobil, Select, Mannol, Chevron"
LB-019,Mitsubishi,Lancer (6th gen),2005,"10W-40, 5W-40","semisynthetics, mineral","Mobil, Pentosin, Lucas Oil, Valvoline, Royal Purple, Mannol"
LB-020,Mitsubishi,Lancer (6th gen),2006,"15W-40, 10W-40, 5W-40","semisynthetics, mineral","Mobil, Lucas Oil, Valvoline, Royal Purple, Ecopower"
LB-021,Mitsubishi,Lancer (6th gen),2007,"10W-40, 5W-40",semisynthetics,"Mobil, Pentosin, Lucas Oil, Valvoline, Royal Purple, Ecopower"
LB-022,Mitsubishi,Lancer X,2008,10W-40,semisynthetics,"Mobil, Valucraft, Pentosin, Lucas Oil, Valvoline, Kixx, Exxon, Royal Purple, Mannol"
LB-023,Mitsubishi,Lancer X,2009,"10W-40, 15W-40",semisynthetics,"Mobil, Valucraft, Valvoline, Kixx, Exxon, Royal Purple, Mannol"
LB-024,Mitsubishi,Lancer X,2010,"10W-40, 15W-40",semisynthetics,"Mobil, Valucraft, Pentosin, Lucas Oil, Valvoline, Kixx, Exxon, Royal Purple, Mannol"
LB-025,Mitsubishi,Lancer X,2011,"10W-40, 15W-40",semisynthetics,"Mobil, Lucas Oil, Valvoline, Valucraft, Pentosin, Kixx, Exxon"
LB-026,Mitsubishi,Lancer X,2012,15W-40,semisynthetics,"Mobil, Valucraft, Pentosin, Lucas Oil, Valvoline, Kixx, Exxon, Royal Purple, Mannol"
LB-027,Mitsubishi,Lancer X,2013,"10W-40, 15W-40","synthetics, semisynthetics","Castrol, Mobil, Valucraft, Pentosin, Lucas Oil, Valvoline, Kixx"
LB-028,Mitsubishi,Lancer X,2014,"10W-40, 15W-40","synthetics, semisynthetics","Valucraft, Pentosin, Mobil, SHELL, Castrol, Lucas Oil, Valvoline, Motorex"
LB-029,Mitsubishi,Lancer X,2015,"10W-40, 10W-50, 15W-40","synthetics, semisynthetics","SHELL, Castrol, Mobil, Valucraft, Pentosin, Lucas Oil, Valvoline, Motorex"
LB-030,Mitsubishi,Lancer X,2016,"10W-50, 15W-40",synthetics,"Mobil, Castrol, SHELL, Valucraft, Valvoline, Lucas Oil, Pentosin, Motorex"
LB-031,Mitsubishi,Lancer X,2017,"10W-50, 15W-50",synthetics,"Castrol, SHELL, Mobil, Valucraft, Pentosin"
LB-032,Mitsubishi,Lancer X,2018,"10W-50, 15W-50",only synthetics,"SHELL, Mobil, Castrol, Valucraft"
LB-033,Mitsubishi,Lancer X,2019,10W-50,only synthetics,"SHELL, Castrol, Mobil "
LB-034,Mitsubishi,Lancer X,2020,"5W-50, 10W-60",only synthetics,"SHELL, Castrol, Mobil "
LB-035,Mitsubishi,Eclipse Cross,2017,"10W-50, 15W-50",synthetics,"Castrol, SHELL, Mobil, Valucraft, Pentosin"
LB-036,Mitsubishi,Eclipse Cross,2018,"10W-50, 15W-50",only synthetics,"SHELL, Mobil, Castrol, Valucraft"
LB-037,Mitsubishi,Eclipse Cross,2019,10W-50,only synthetics,"SHELL, Castrol, Mobil"
LB-038,Mitsubishi,Eclipse Cross,2020,"5W-50, 10W-60",only synthetics,"SHELL, Castrol, Mobil"
LB-039,Mitsubishi,Montero (1st gen),1982,"15W-30, 15W-40, 10W-40","mineral, hydrocracking","Lucas Oil, Valvoline, Kixx, Exxon, Royal Purple"
LB-040,Mitsubishi,Montero (1st gen),1983,"15W-30, 15W-40, 10W-40","mineral, hydrocracking","Mobil, Kixx, Exxon, Royal Purple, Mannol, Chevro "
LB-041,Mitsubishi,Montero (1st gen),1984,"15W-20, 15W-40","mineral, hydrocracking","Pentosin, Lucas Oil, Valvoline, Kixx"
LB-042,Mitsubishi,Montero (1st gen),1985,"15W-30, 15W-40, 10W-30","mineral, hydrocracking","Pentosin, Lucas Oil, Valvoline, Kixx, Exxon"
LB-043,Mitsubishi,Montero (1st gen),1986,"15W-30, 15W-40, 10W-30","mineral, hydrocracking","Lucas Oil, Valvoline, Kixx, Exxon, Royal Purple, Ecopower"
LB-044,Mitsubishi,Montero (1st gen),1987,10W-30,"mineral, hydrocracking","Valucraft, Pentosin, Lucas Oil, Valvoline, Exxon, Royal Purple"
LB-045,Mitsubishi,Montero (1st gen),1988,10W-30,"mineral, hydrocracking","Lucas Oil, Valvoline, Kixx, Exxon, Royal Purple"
LB-046,Mitsubishi,Montero (1st gen),1989,"15W-30, 10W-30","mineral, hydrocracking","Exxon, Royal Purple, Mannol, Chevron, Total, Kendall"
LB-047,Mitsubishi,Montero (1st gen),1990,15W-30,"mineral, hydrocracking","Kixx, Exxon, Royal Purple, Mannol, Chevron, Total, Kendall"
LB-048,Mitsubishi,Montero (1st gen),1991,"10W-30, 15W-30, 15W-40","mineral, hydrocracking","Mobil, Kixx, Exxon, Royal Purple, Mannol, Chevron, Total, Kendall"
LB-049,Mitsubishi,Pajero (4th gen),2010,"10W-40, 15W-40",semisynthetics,"Mobil, Valucraft, Pentosin, Lucas Oil, Valvoline, Kixx, Exxon, Royal Purple, Mannol"
LB-050,Mitsubishi,Pajero (4th gen),2011,"10W-40, 15W-40",semisynthetics,"Mobil, Lucas Oil, Valvoline, Valucraft, Pentosin, Kixx, Exxon"
LB-051,Mitsubishi,Pajero (4th gen),2012,15W-40,semisynthetics,"Mobil, Valucraft, Pentosin, Lucas Oil, Valvoline, Kixx, Exxon "
LB-052,Mitsubishi,Pajero (4th gen),2013,"10W-40, 15W-40","synthetic, semisynthetics","Castrol, Mobil, Valucraft, Pentosin, Lucas Oil, Valvoline, Kixx"
LB-053,Mitsubishi,Pajero (4th gen),2014,"10W-40, 15W-40","synthetic, semisynthetics","Valucraft, Pentosin, Mobil, SHELL, Castrol, Lucas Oil, Valvoline, Motorex"
LB-054,Mitsubishi,Pajero (4th gen),2015,"10W-40, 10W-50, 15W-40","synthetic, semisynthetics","SHELL, Castrol, Mobil, Valucraft, Pentosin, Lucas Oil, Valvoline, Motorex"
LB-055,Mitsubishi,Pajero (4th gen),2016,"10W-50, 15W-40",synthetic,"Mobil, Castrol, SHELL, Valucraft, Valvoline, Lucas Oil, Pentosin, Motorex"
LB-056,Mitsubishi,Pajero (4th gen),2017,"10W-50, 15W-50",synthetic,"Castrol, SHELL, Mobil, Valucraft, Pentosin"
LB-057,Mitsubishi,Pajero (4th gen),2018,"10W-50, 15W-50",only synthetics,"SHELL, Mobil, Castrol, Valucraft"
LB-058,Mitsubishi,Pajero (4th gen),2019,10W-50,only synthetics,"SHELL, Castrol, Mobil"
LB-059,Mitsubishi,Pajero (4th gen),2020,"5W-50, 10W-60",only synthetics,"SHELL, Castrol, Mobil"
LB-060,Land Rover,Defender,2014,"10W-40, 15W-40","synthetic, semisynthetics","Valucraft, Pentosin, Mobil, SHELL, Castrol, Lucas Oil, Valvoline, Motorex"
LB-061,Land Rover,Defender,2015,"10W-40, 10W-50, 15W-40","synthetic, semisynthetics","SHELL, Castrol, Mobil, Valucraft, Pentosin, Lucas Oil, Valvoline, Motorex"
LB-062,Land Rover,Defender,2016,"10W-50, 15W-40",synthetic,"Mobil, Castrol, SHELL, Valucraft, Valvoline, Lucas Oil, Pentosin, Motorex"
LB-063,Land Rover,Discovery (4th gen),2015,"10W-40, 10W-50, 15W-40","synthetic, semisynthetics","SHELL, Castrol, Mobil, Valucraft, Pentosin, Lucas Oil, Valvoline, Motorex"
LB-064,Land Rover,Discovery (4th gen),2016,"10W-50, 15W-40",synthetic,"Mobil, Castrol, SHELL, Valucraft, Valvoline, Lucas Oil, Pentosin, Motorex"
LB-065,Land Rover,Discovery (5th gen),2016,"10W-50, 15W-40",synthetic,"Mobil, Castrol, SHELL, Valucraft, Valvoline, Lucas Oil, Pentosin, Motorex"
LB-066,Land Rover,Discovery (5th gen),2017,"10W-50, 15W-50",synthetic,"Castrol, SHELL, Mobil, Valucraft, Pentosin"
LB-067,Land Rover,Discovery (5th gen),2018,"10W-50, 15W-50",only synthetic,"SHELL, Mobil, Castrol, Valucraft"
LB-068,Land Rover,Discovery (5th gen),2019,10W-50,only synthetic,"SHELL, Castrol, Mobil"
LB-069,Land Rover,Discovery (5th gen),2020,"5W-50, 10W-60",only synthetic,"SHELL, Castrol, Mobil"
LB-070,BMW,5 F07,2009,"10W-40, 15W-40",semisynthetics,"Mobil, Valucraft, Pentosin, Lucas Oil, Valvoline, Kixx, Exxon, Royal Purple, Mannol"
LB-071,BMW,5 F07,2010,"10W-40, 15W-40",semisynthetics,"Mobil, Valucraft, Pentosin, Lucas Oil, Valvoline, Kixx, Exxon, Royal Purple, Mannol"
LB-072,BMW,5 F07,2011,"10W-40, 15W-40",semisynthetics,"Mobil, Lucas Oil, Valvoline, Valucraft, Pentosin, Kixx, Exxon"
LB-073,BMW,5 F07,2012,15W-40,semisynthetics,"Mobil, Valucraft, Pentosin, Lucas Oil, Valvoline, Kixx, Exxon"
LB-074,BMW,5 F07,2013,"10W-40, 15W-40","synthetic, semisynthetics","Castrol, Mobil, Valucraft, Pentosin, Lucas Oil, Valvoline, Kixx"
LB-075,BMW,5 F07,2014,"10W-40, 15W-40","synthetic, semisynthetics","Valucraft, Pentosin, Mobil, SHELL, Castrol, Lucas Oil, Valvoline, Motorex"
LB-076,BMW,5 F07,2015,"10W-40, 10W-50, 15W-40","synthetic, semisynthetics","SHELL, Castrol, Mobil, Valucraft, Pentosin, Lucas Oil, Valvoline, Motorex"
LB-077,BMW,5 F07,2016,"10W-50, 15W-40",synthetic,"Mobil, Castrol, SHELL, Valucraft, Valvoline, Lucas Oil, Pentosin, Motorex"
LB-078,BMW,5 F07,2017,"10W-50, 15W-50",synthetic,"	Castrol, SHELL, Mobil, Valucraft, Pentosin"
LB-079,BMW,5 F07,2018,"10W-50, 15W-50",only synthetic,"SHELL, Mobil, Castrol, Valucraft"
LB-080,BMW,X1,2010,"10W-40, 15W-40",semisynthetics,"Mobil, Valucraft, Pentosin, Lucas Oil, Valvoline, Kixx, Exxon, Royal Purple, Mannol"
LB-081,BMW,X1,2012,15W-40,semisynthetics,"Mobil, Valucraft, Pentosin, Lucas Oil, Valvoline, Kixx, Exxon"
LB-082,BMW,X1,2015,"10W-40, 10W-50, 15W-40","synthetics, semisynthetics","SHELL, Castrol, Mobil, Valucraft, Pentosin, Lucas Oil, Valvoline, Motorex"
LB-083,BMW,X3,2012,15W-40,semisynthetics,"Mobil, Valucraft, Pentosin, Lucas Oil, Valvoline, Kixx, Exxon"
LB-084,BMW,X3,2015,"10W-40, 10W-50, 15W-40","synthetics, semisynthetics","SHELL, Castrol, Mobil, Valucraft, Pentosin, Lucas Oil, Valvoline, Motorex"
LB-085,BMW,X3,2017,"10w-50, 15W-50",synthetic,"Castrol, SHELL, Mobil, Valucraft, Pentosin"
LB-086,BMW,X3,2018,"10w-50, 15W-50",only synthetic,"SHELL, Mobil, Castrol, Valucraft"
LB-087,BMW,X3,2019,10W-50,only synthetic,"SHELL, Castrol, Mobil"
LB-088,BMW,X5,2010,"10W-40, 15W-40",semisynthetics,"Mobil, Valucraft, Pentosin, Lucas Oil, Valvoline, Kixx, Exxon, Royal Purple, Mannol"
LB-089,BMW,X5,2011,"10W-40, 15W-40",semisynthetics,"Mobil, Lucas Oil, Valvoline, Valucraft, Pentosin, Kixx, Exxon"
LB-090,BMW,X5,2014,"10W-40, 15W-40","synthetics, semisynthetics","Valucraft, Pentosin, Mobil, SHELL, Castrol, Lucas Oil, Valvoline, Motorex"
LB-091,BMW,X5,2016,"10W-50,15W-40",synthetic,"Mobil, Castrol, SHELL, Valucraft, Valvoline, Lucas Oil, Pentosin, Motorex"
LB-092,BMW,X5,2018,"10w-50, 15W-50",only synthetic,"SHELL, Mobil, Castrol, Valucraft"
LB-093,BMW,m2,2016,"10W-50,15W-40",synthetics,"Mobil, Castrol, SHELL, Valucraft, Valvoline, Lucas Oil, Pentosin, Motorex"
LB-094,BMW,m2,2017,"10w-50, 15W-50",synthetics,"Castrol, SHELL, Mobil, Valucraft, Pentosin"
LB-095,BMW,m5,2015,"10W-40, 10W-50, 15W-40","synthetics, semisynthetics","SHELL, Castrol, Mobil, Valucraft, Pentosin, Lucas Oil, Valvoline, Motorex"
LB-096,BMW,m5,2018,"10w-50, 15W-50",only synthetics,"SHELL, Mobil, Castrol, Valucraft"
LB-097,BMW,x5-m,2014,"10W-40, 15W-40","synthetics, semisynthetics","Valucraft, Pentosin, Mobil, SHELL, Castrol, Lucas Oil, Valvoline, Motorex"
LB-098,BMW,x5-m,2017,"10w-50, 15W-50",synthetics,"Castrol, SHELL, Mobil, Valucraft, Pentosin"
LB-099,BMW,x5-m,2019,10W-50,only synthetics,"SHELL, Castrol, Mobil"
LB-100,Toyota,Hilux 5th gen,1988-1994,"10W-30,15W-30,15W-40","mineral,hydrocracking","Motorex, Kixx, Exxon, Royal Purple, Mannol, Chevron"
LB-101,Toyota,Hilux 5th gen,1995-1997,"10W-30,15W-30,15W-40","semisynthetics, mineral, hydrocracking","Kixx, Exxon, Royal Purple, Ecopower"
LB-102,Toyota,Hilux  Surf 3rd gen,1996-1997,"10W-30,15W-30,15W-40","semisynthetics, mineral, hydrocracking","Kixx, Exxon, Royal Purple, Ecopower,Mobil,Valvoline"
LB-103,Toyota,Hilux Surf 3rd gen,1998,"10W-30,15W-30,15W-40","semisynthetics, mineral","Mobil, Valvoline, Kixx, Exxon, Ecopower"
LB-104,Toyota,Hilux Surf 3rd gen,1999,"10W-30,15W-30,15W-40","semisynthetics, mineral","Valvoline, Kixx, Exxon, Royal Purple, Ecopower"
LB-105,Toyota,Hilux Surf 3rd gen,2000,"10W-30,15W-30,15W-40","semisynthetics, mineral","Mobil, Pentosin, Lucas Oil, Valvoline, Royal Purple, Mannol"
LB-106,Toyota,Hilux Surf 3rd gen,2001,"10W-30,15W-30,15W-40","semisynthetics, mineral","Valucraft, Pentosin, Lucas Oil, Valvoline, Kixx"
LB-107,Toyota,Hilux Surf 3rd gen,2002,"10W-30,15W-30,15W-40","semisynthetics, mineral","Pentosin, Lucas Oil, Valvoline, Select, Kixx, Exxon, Royal Purple, Mannol, Chevron"
LB-108,Toyota,Hilux Surf 4th gen,2003,"10W-30,10W-40,15W-30,15W-40","semisynthetics, mineral","Mobil, Royal Purple, Select, Mannol, Chevron"
LB-109,Toyota,Hilux Surf 4th gen,2004,"10W-30,10W-40,15W-30,15W-40","semisynthetics, mineral","Mobil, Select, Mannol, Chevron"
LB-110,Toyota,Hilux Surf 4th gen,2005,"10W-40,5W-40","semisynthetics, mineral","Mobil, Pentosin, Lucas Oil, Valvoline, Royal Purple, Select"
LB-111,Toyota,Hilux Surf 4th gen,2006,"15W-40,10W-40,5W-40","semisynthetics, mineral","Mobil, Lucas Oil, Valvoline, Royal Purple, Ecopower"
LB-112,Toyota,Hilux Surf 4th gen,2007,"10W-40,5W-40",semisynthetics,"Mobil, Pentosin, Lucas Oil, Valvoline, Royal Purple, Ecopower"
LB-113,Toyota,Hilux Surf 4th gen,2008,10W-40,semisynthetics,"Mobil, Valucraft, Pentosin, Lucas Oil, Valvoline, Kixx, Exxon, Royal Purple, Mannol"
LB-114,Toyota,Hilux Surf 4th gen,2009,"10W-40,15W-40",semisynthetics,"Mobil, Valucraft, Valvoline, Kixx, Exxon, Royal Purple, Mannol"
LB-115,Toyota,Prius 1st gen,1997,"10W-40,15W-30,15W-40","semisynthetics, mineral, hydrocracking","Kixx, Exxon, Royal Purple, Ecopower"
LB-116,Toyota,Prius 1st gen,1998,"10W-30,10W-40,5W-40","semisynthetics, mineral","Mobil, Valvoline, Kixx, Exxon, Ecopower"
LB-117,Toyota,Prius 1st gen,1999,"10W-30,10W-40","semisynthetics, mineral","Valvoline, Kixx, Exxon, Royal Purple, Ecopower"
LB-118,Toyota,Prius 1st gen,2000,"10W-30,10W-40,15W-30,15W-40","semisynthetics, mineral","Mobil, Pentosin, Lucas Oil, Valvoline, Royal Purple, Mannol"
LB-119,Toyota,Prius 1st gen,2001,"10W-40,15W-30,15W-40","semisynthetics, mineral","Valucraft, Pentosin, Lucas Oil, Valvoline, Kixx"
LB-120,Toyota,Prius 1st gen,2002,"10W-40,15W-30,15W-40","semisynthetics, mineral","Pentosin, Lucas Oil, Valvoline, Select, Kixx, Exxon, Royal Purple, Mannol, Chevron"
LB-121,Toyota,Prius 1st gen,2003,"10W-30,10W-40,15W-30,15W-40","semisynthetics, mineral","Mobil, Royal Purple, Select, Mannol, Chevron"
LB-122,Toyota,Prius 2nd gen,2004,"10W-30,10W-40,15W-30,15W-40","semisynthetics, mineral","Mobil, Select, Mannol, Chevron"
LB-123,Toyota,Prius 2nd gen,2005,"10W-40,5W-40","semisynthetics, mineral","Mobil, Pentosin, Lucas Oil, Valvoline, Royal Purple, Select"
LB-124,Toyota,Prius 2nd gen,2006,"15W-40,10W-40,5W-40","semisynthetics, mineral","Mobil, Lucas Oil, Valvoline, Royal Purple, Ecopower"
LB-125,Toyota,Prius 2nd gen,2007,"10W-40,5W-40",semisynthetics,"Mobil, Pentosin, Lucas Oil, Valvoline, Royal Purple, Ecopower"
LB-126,Toyota,Prius 2nd gen,2008,10W-40,semisynthetics,"Mobil, Valucraft, Pentosin, Lucas Oil, Valvoline, Kixx, Exxon, Royal Purple, Mannol"
LB-127,Toyota,Prius 2nd gen,2009,"10W-40,15W-40",semisynthetics,"Mobil, Valucraft, Valvoline, Kixx, Exxon, Royal Purple, Mannol"
LB-128,Toyota,Prius 3rd gen,2010,"10W-40,15W-40",semisynthetics,"Mobil, Valucraft, Pentosin, Lucas Oil, Valvoline, Kixx, Exxon, Royal Purple, Mannol"
LB-129,Toyota,Prius 3rd gen,2011,"10W-40,15W-40",semisynthetics,"Mobil, Lucas Oil, Valvoline, Valucraft, Pentosin, Kixx, Exxon"
LB-130,Toyota,Prius 3rd gen,2012,15W-40,semisynthetics,"Mobil, Valucraft, Pentosin, Lucas Oil, Valvoline, Kixx, Exxon"
LB-131,Toyota,Prius 3rd gen,2013,"10W-40,15W-40","synthetics, semisynthetics","Castrol, Mobil, Valucraft, Pentosin, Lucas Oil, Valvoline, Kixx"
LB-132,Toyota,Prius 3rd gen,2014,"10W-40,15W-40","synthetics, semisynthetics","Valucraft, Pentosin, Mobil, SHELL, Castrol, Lucas Oil, Valvoline, Motorex"
LB-133,Toyota,Prius 3rd gen,2015,"10W-40,15W-40,10W-50","synthetics, semisynthetics","SHELL, Castrol, Mobil, Valucraft, Pentosin, Lucas Oil, Valvoline, Motorex"
LB-134,Toyota,Prius 4th gen,2017,"10W-50,15W-50",synthetics,"Castrol, SHELL, Mobil, Valucraft, Pentosin"
LB-135,Toyota,Prius 4th gen,2018,"10W-50,15W-50",only synthetics,"SHELL, Castrol, Mobil"
LB-136,Toyota,Prius 4th gen,2019,10W-50,only synthetics,"SHELL, Castrol, Mobil"
LB-137,Toyota,Prius 4th gen,2020,"5W-50,10W-60",only synthetics,"SHELL, Castrol, Mobil"
LB-138,Honda,Accord(5th Gen),1993,"15W-40,10W-40,25W-30","mineral, hydrocracking","Motorex, Kixx, Exxon, Royal Purple, Mannol, Chevron"
LB-139,Honda,Accord(5th Gen),1994,"15W-40,10W-40,25W-31","mineral, hydrocracking","Mobil, Kixx, Exxon, Royal Purple, Mannol"
LB-140,Honda,Accord(5th Gen),1995,"15W-40,10W-40,25W-32","semisynthetics, mineral, hydrocracking","Motorex, Kixx, Exxon, Royal Purple, Ecopower"
LB-141,Honda,Accord(5th Gen),1996,"15W-40,10W-40,25W-33","semisynthetics, mineral, hydrocracking","Mobil, Valvoline, Kixx, Exxon, Royal Purple, Mannol"
LB-142,Honda,Accord(5th Gen),1997,"15W-40,10W-40,25W-34","semisynthetics, mineral, hydrocracking","Kixx, Exxon, Royal Purple, Ecopower"
LB-143,Honda,Accord(5th Gen),1998,"15W-40,10W-40,25W-35","semisynthetics, mineral, hydrocracking","Mobil, Valvoline, Kixx, Exxon, Ecopower"
LB-144,Honda,Accord(6th Gen),1999,"15W-40,10W-40,25W-36","semisynthetics, mineral","Valvoline, Kixx, Exxon, Royal Purple, Ecopower"
LB-145,Honda,Accord(6th Gen),2000,"15W-40,10W-40,25W-37","semisynthetics, mineral","Mobil, Pentosin, Lucas Oil, Valvoline, Royal Purple, Mannol"
LB-146,Honda,Accord(6th Gen),2001,"15W-40,10W-40,25W-38","semisynthetics, mineral","Valucraft, Pentosin, Lucas Oil, Valvoline, Kixx"
LB-147,Honda,Accord(7th Gen),2002,"15W-40,10W-40,25W-39","semisynthetics, mineral","Pentosin, Lucas Oil, Valvoline, Select, Kixx, Exxon, Royal Purple, Mannol, Chevron"
LB-148,Honda,Accord(7th Gen),2003,"15W-40,10W-40,25W-40","semisynthetics, mineral","Mobil, Royal Purple, Select, Mannol, Chevron"
LB-149,Honda,Accord(7th Gen),2004,"15W-40,10W-40,25W-41","semisynthetics, mineral","Mobil, Select, Mannol, Chevron"
LB-150,Honda,Accord(7th Gen),2005,"15W-40,10W-40,25W-42","semisynthetics, mineral","Mobil, Pentosin, Lucas Oil, Valvoline, Royal Purple, Select"
LB-151,Honda,Accord(7th Gen),2006,"15W-40,10W-40,25W-43","semisynthetics, mineral","Mobil, Lucas Oil, Valvoline, Royal Purple, Ecopower"
LB-152,Honda,Accord(7th Gen),2007,"15W-40,10W-40,25W-44",semisynthetics,"Mobil, Valucraft, Pentosin, Lucas Oil, Valvoline, Kixx, Exxon, Royal Purple, Mannol"
LB-153,Honda,Accord(7th Gen),2008,"15W-40,10W-40,25W-45",semisynthetics,"Mobil, Valucraft, Valvoline, Kixx, Exxon, Royal Purple, Mannol"
LB-154,Honda,Accord(8th Gen),2009,"15W-40,10W-40,25W-46",semisynthetics,"Mobil, Valucraft, Pentosin, Lucas Oil, Valvoline, Kixx, Exxon, Royal Purple, Mannol"
LB-155,Honda,Accord(8th Gen),2010,"15W-40,10W-40,25W-47",semisynthetics,"Mobil, Lucas Oil, Valvoline, Valucraft, Pentosin, Kixx, Exxon"
LB-156,Honda,Accord(8th Gen),2011,"15W-40,10W-40,25W-48",semisynthetics,"Mobil, Valucraft, Pentosin, Lucas Oil, Valvoline, Kixx, Exxon"
LB-157,Honda,Accord(8th Gen),2012,"15W-40,10W-40,25W-49","synthetics, semisynthetics","Castrol, Mobil, Valucraft, Pentosin, Lucas Oil, Valvoline, Kixx"
LB-158,Honda,Accord(8th Gen),2013,"15W-40,10W-40,25W-50","synthetics, semisynthetics","Valucraft, Pentosin, Mobil, SHELL, Castrol, Lucas Oil, Valvoline, Motorex"
LB-159,Honda,Accord(8th Gen),2014,"15W-40,10W-40,25W-51","synthetics, semisynthetics","SHELL, Castrol, Mobil, Valucraft, Pentosin, Lucas Oil, Valvoline, Motorex"
LB-160,Honda,Accord(9th Gen),2015,"15W-40,10W-40,25W-52",semisynthetics,"Mobil, Castrol, SHELL, Valucraft, Valvoline, Lucas Oil, Pentosin, Motorex"
LB-161,Honda,Accord(9th Gen),2016,"15W-40,10W-40,25W-53",semisynthetics,"Castrol, SHELL, Mobil, Valucraft, Pentosin"
LB-162,Honda,Accord(9th Gen),2017,"15W-40,10W-40,25W-54",only synthetics,"SHELL, Mobil, Castrol, Valucraft"
LB-163,Honda,Accord(9th Gen),2018,"15W-40,10W-40,25W-55",only synthetics,"SHELL, Castrol, Mobil"
LB-164,Honda,Accord(9th Gen),2019,"15W-40,10W-40,25W-56",only synthetics,"SHELL, Castrol, Mobil"
LB-165,Honda,Civic(4th Gen),1987,"10W-30,10W-30,25W-30","mineral, hydrocracking","Valucraft, Pentosin, Lucas Oil, Valvoline, Exxon, Royal Purple"
LB-166,Honda,Civic(4th Gen),1988,"10W-30,10W-30,25W-30","mineral, hydrocracking","Lucas Oil, Valvoline, Kixx, Exxon, Royal Purple"
LB-167,Honda,Civic(4th Gen),1989,"10W-30,10W-30,25W-30","mineral, hydrocracking","Exxon, Royal Purple, Mannol, Chevron, Total, Kendall"
LB-168,Honda,Civic(4th Gen),1990,"15W-30,10W-30,25W-30","mineral, hydrocracking","Kixx, Exxon, Royal Purple, Mannol, Chevron, Total, Kendall"
LB-169,Honda,Civic(4th Gen),1991,"15W-40,10W-30,25W-30","mineral, hydrocracking","Mobil, Kixx, Exxon, Royal Purple, Mannol, Chevron, Total, Kendall"
LB-170,Honda,Civic(4th Gen),1992,"15W-40,5W-30,25W-30","mineral, hydrocracking","Motorex, Kixx, Exxon, Royal Purple, Mannol, Chevron,"
LB-171,Honda,Civic(4th Gen),1993,"15W-40,5W-30,25W-30","mineral, hydrocracking","Motorex, Kixx, Exxon, Royal Purple, Mannol, Chevron"
LB-172,Honda,Civic(4th Gen),1994,"15W-40,5W-30,25W-30","mineral, hydrocracking","Mobil, Kixx, Exxon, Royal Purple, Mannol"
LB-173,Honda,Civic(4th Gen),1995,"15W-40,5W-30,25W-30","semisynthetics, mineral, hydrocracking","Motorex, Kixx, Exxon, Royal Purple, Ecopower"
LB-174,Honda,Civic(4th Gen),1996,"15W-40,5W-30,25W-30","semisynthetics, mineral, hydrocracking","Mobil, Valvoline, Kixx, Exxon, Royal Purple, Mannol"
LB-175,Honda,Civic(5th Gen),1991,"15W-40,10W-30,25W-30","mineral, hydrocracking","Mobil, Kixx, Exxon, Royal Purple, Mannol, Chevron, Total, Kendall"
LB-176,Honda,Civic(5th Gen),1992,"15W-40,10W-30,25W-30","mineral, hydrocracking","Motorex, Kixx, Exxon, Royal Purple, Mannol, Chevron,"
LB-177,Honda,Civic(5th Gen),1993,"15W-40,10W-30,25W-30","mineral, hydrocracking","Valucraft, Pentosin, Lucas Oil, Valvoline, Exxon, Royal Purple"
LB-178,Honda,Civic(5th Gen),1994,"15W-40,10W-30,25W-30","mineral, hydrocracking","Mobil, Kixx, Exxon, Royal Purple, Mannol"
LB-179,Honda,Civic(5th Gen),1995,"15W-40,10W-30,25W-30","semisynthetics, mineral, hydrocracking","Motorex, Kixx, Exxon, Royal Purple, Ecopower"
LB-180,Honda,Civic(5th Gen),1996,"15W-40,10W-30,25W-30","semisynthetics, mineral, hydrocracking","Mobil, Valvoline, Kixx, Exxon, Royal Purple, Mannol"
LB-181,Honda,Civic(5th Gen),1997,"15W-40,10W-30,25W-30","semisynthetics, mineral, hydrocracking","Kixx, Exxon, Royal Purple, Ecopower"
LB-182,Honda,Civic(6th Gen),1995,"15W-40,5W-30,25W-30","semisynthetics, mineral, hydrocracking","Motorex, Kixx, Exxon, Royal Purple, Ecopower"
LB-183,Honda,Civic(6th Gen),1996,"15W-40,5W-30,25W-30","semisynthetics, mineral, hydrocracking","Mobil, Valvoline, Kixx, Exxon, Royal Purple, Mannol"
LB-184,Honda,Civic(6th Gen),1997,"15W-40,5W-30,25W-30","semisynthetics, mineral, hydrocracking","Kixx, Exxon, Royal Purple, Ecopower"
LB-185,Honda,Civic(6th Gen),1998,"15W-40,5W-30,25W-30","semisynthetics, mineral, hydrocracking","Mobil, Valvoline, Kixx, Exxon, Ecopower"
LB-186,Honda,Civic(6th Gen),1999,"15W-40,5W-30,25W-30","semisynthetics, mineral, hydrocracking","Valvoline, Kixx, Exxon, Royal Purple, Ecopower"
LB-187,Honda,Civic(6th Gen),2000,"15W-40,5W-30,25W-30","semisynthetics, mineral, hydrocracking","Mobil, Pentosin, Lucas Oil, Valvoline, Royal Purple, Mannol"
LB-188,Honda,Civic(6th Gen),2001,"15W-40,5W-30,25W-40","semisynthetics, mineral","Valucraft, Pentosin, Lucas Oil, Valvoline, Kixx"
LB-189,Honda,Civic(7th Gen),2000,"15W-30,5W-30,25W-30","semisynthetics, mineral","Mobil, Pentosin, Lucas Oil, Valvoline, Royal Purple, Mannol"
LB-190,Honda,Civic(7th Gen),2001,"15W-30,5W-30,25W-30","semisynthetics, mineral","Valucraft, Pentosin, Lucas Oil, Valvoline, Kixx"
LB-191,Honda,Civic(7th Gen),2002,"15W-30,5W-30,25W-30","semisynthetics, mineral","Pentosin, Lucas Oil, Valvoline, Select, Kixx, Exxon, Royal Purple, Mannol, Chevron"
LB-192,Honda,Civic(7th Gen),2003,"15W-30,5W-30,25W-30","semisynthetics, mineral","Mobil, Royal Purple, Select, Mannol, Chevron"
LB-193,Honda,Civic(7th Gen),2004,"15W-30,5W-30,25W-30","semisynthetics, mineral","Mobil, Select, Mannol, Chevron"
LB-194,Honda,Civic(7th Gen),2005,"15W-30,5W-30,25W-30","semisynthetics, mineral","Mobil, Pentosin, Lucas Oil, Valvoline, Royal Purple, Select"
LB-195,Honda,Civic(8th Gen),2005,"05W-40,0W-30,25W-40","semisynthetics, mineral","Mobil, Pentosin, Lucas Oil, Valvoline, Royal Purple, Select"
LB-196,Honda,Civic(8th Gen),2006,"05W-40,5W-40,25W-40","semisynthetics, mineral","Mobil, Lucas Oil, Valvoline, Royal Purple, Ecopower"
LB-197,Honda,Civic(8th Gen),2007,"05W-40,5W-40,25W-40","semisynthetics, mineral","Mobil, Pentosin, Lucas Oil, Valvoline, Royal Purple, Ecopower"
LB-198,Honda,Civic(8th Gen),2008,"05W-40,0W-40,25W-40","semisynthetics, mineral","Mobil, Valucraft, Pentosin, Lucas Oil, Valvoline, Kixx, Exxon, Royal Purple, Mannol"
LB-199,Honda,Civic(8th Gen),2009,"15W-40,5W-40,25W-40",semisynthetics,"Mobil, Valucraft, Valvoline, Kixx, Exxon, Royal Purple, Mannol"
LB-200,Honda,Civic(8th Gen),2010,"15W-40,5W-40,25W-40",semisynthetics,"Mobil, Valucraft, Pentosin, Lucas Oil, Valvoline, Kixx, Exxon, Royal Purple, Mannol"
LB-201,Honda,Civic(8th Gen),2011,"15W-40,0W-40,25W-40",semisynthetics,"Mobil, Lucas Oil, Valvoline, Valucraft, Pentosin, Kixx, Exxon"
LB-202,Honda,Civic(8th Gen),2012,"15W-40,5W-40,25W-40",semisynthetics,"Mobil, Valucraft, Pentosin, Lucas Oil, Valvoline, Kixx, Exxon"
LB-203,Honda,Civic(8th Gen),2013,"15W-40,0W-40,25W-40","synthetics, semisynthetics","Castrol, Mobil, Valucraft, Pentosin, Lucas Oil, Valvoline, Kixx"
LB-204,Honda,Civic(8th Gen),2014,"15W-40,5W-40,25W-40","synthetics, semisynthetics","Valucraft, Pentosin, Mobil, SHELL, Castrol, Lucas Oil, Valvoline, Motorex"
LB-205,Honda,Civic(9th Gen),2012,"15W-40,5W-40,25W-40",semisynthetics,"Mobil, Valucraft, Pentosin, Lucas Oil, Valvoline, Kixx, Exxon"
LB-206,Honda,Civic(9th Gen),2013,"15W-40,0W-30,25W-40","synthetics, semisynthetics","Castrol, Mobil, Valucraft, Pentosin, Lucas Oil, Valvoline, Kixx"
LB-207,Honda,Civic(9th Gen),2014,"15W-40,5W-40,25W-40","synthetics, semisynthetics","Valucraft, Pentosin, Mobil, SHELL, Castrol, Lucas Oil, Valvoline, Motorex"
LB-208,Honda,Civic(9th Gen),2015,"15W-40,5W-40,25W-50","synthetics, semisynthetics","SHELL, Castrol, Mobil, Valucraft, Pentosin, Lucas Oil, Valvoline, Motorex"
LB-209,Honda,Civic(9th Gen),2016,"15W-40,5W-40,25W-50",synthetics,"Mobil, Castrol, SHELL, Valucraft, Valvoline, Lucas Oil, Pentosin, Motorex"
LB-210,Honda,Civic(9th Gen),2017,"15W-50,0W-40,25W-50",synthetics,"Castrol, SHELL, Mobil, Valucraft, Pentosin"
LB-211,Honda,Civic(9th Gen),2018,"15W-50,0W-40,25W-50",only synthetics,"SHELL, Mobil, Castrol, Valucraft"
LB-212,Honda,Civic(10th Gen),2015,"15W-40,5W-50,25W-50","synthetics, semisynthetics","SHELL, Castrol, Mobil, Valucraft, Pentosin, Lucas Oil, Valvoline, Motorex"
LB-213,Honda,Civic(10th Gen),2016,"15W-40,5W-40,25W-50",synthetics,"Mobil, Castrol, SHELL, Valucraft, Valvoline, Lucas Oil, Pentosin, Motorex"
LB-214,Nissan,safari,2001,"10W-30,10W-40,15W-40,15W-30","semisynthetics, mineral","Mobil, Pentosin, Lucas Oil, Valvoline, Royal Purple, Mannol"
LB-215,Nissan,safari,2002,"10W-30,10W-40,15W-30","semisynthetics, mineral","Valucraft, Pentosin, Lucas Oil, Valvoline, Kixx"
LB-216,Nissan,safari,2003,"10W-40,10W-40,15W-30","semisynthetics, mineral","Pentosin, Lucas Oil, Valvoline, Select, Kixx, Exxon, Royal Purple, Mannol, Chevron"
LB-217,Nissan,safari,2004,"10W-30,10W-40,15W-40,15W-30","semisynthetics, mineral","Mobil, Royal Purple, Select, Mannol, Chevron"
LB-218,Nissan,safari,2005,"10W-30,10W-40,15W-40,15W-30","semisynthetics, mineral","Mobil, Select, Mannol, Chevron"
LB-219,Nissan,safari,2006,"10W-40,5W-40","semisynthetics, mineral","Mobil, Pentosin, Lucas Oil, Valvoline, Royal Purple, Select"
LB-220,Nissan,safari,2007,"15W-40,10W-40,5W-40","semisynthetics, mineral","Mobil, Lucas Oil, Valvoline, Royal Purple, Ecopower"
LB-221,Nissan,x-trail,2011,"10W-40,15W-40",semisynthetics,"Mobil, Valucraft, Pentosin, Lucas Oil, Valvoline, Kixx, Exxon, Royal Purple, Mannol"
LB-222,Nissan,x-trail,2013,"10W-40,15W-40",semisynthetics,"Mobil, Lucas Oil, Valvoline, Valucraft, Pentosin, Kixx, Exxon"
LB-223,Nissan,x-trail,2014,15W-40,semisynthetics,"Mobil, Valucraft, Pentosin, Lucas Oil, Valvoline, Kixx, Exxon"
LB-224,Nissan,x-trail,2016,"10W-40,10W-50,15W-40","synthetics, semisynthetics","Castrol, Mobil, Valucraft, Pentosin, Lucas Oil, Valvoline, Kixx"
LB-225,Nissan,x-trail,2017,"10W-50,15W-40","synthetics, semisynthetics","Valucraft, Pentosin, Mobil, SHELL, Castrol, Lucas Oil, Valvoline, Motorex"
LB-226,Nissan,x-trail,2018,"10W-50,15W-50","synthetics, semisynthetics","SHELL, Castrol, Mobil, Valucraft, Pentosin, Lucas Oil, Valvoline, Motorex"
LB-227,Nissan,x-trail,2019,"10W-50,15W-50",synthetics,"Mobil, Castrol, SHELL, Valucraft, Valvoline, Lucas Oil, Pentosin, Motorex"
LB-228,Nissan,x-trail,2020,10W-50,synthetics,"Castrol, SHELL, Mobil, Valucraft, Pentosin"
LB-229,Nissan,x-trail,2021,"10W-50,15W-60",only synthetics,"SHELL, Mobil, Castrol, Valucraft"
LB-230,Nissan,sunny,2003,"10W-40,15W-40,15W-30","semisynthetics, mineral","Pentosin, Lucas Oil, Valvoline, Select, Kixx, Exxon, Royal Purple, Mannol, Chevron"
LB-231,Nissan,sunny,2004,"10W-30,10W-40,15W-40,15W-30","semisynthetics, mineral","Mobil, Royal Purple, Select, Mannol, Chevron"
LB-232,Nissan,sunny,2005,"10W-30,10W-40,15W-40,15W-30","semisynthetics, mineral","Mobil, Select, Mannol, Chevron"
LB-233,Nissan,sunny,2006,"10W-40,5W-40","semisynthetics, mineral","Mobil, Pentosin, Lucas Oil, Valvoline, Royal Purple, Select"
LB-234,Nissan,sunny,2007,"15W-40,10w-40,5W-40","semisynthetics, mineral","Mobil, Lucas Oil, Valvoline, Royal Purple, Ecopower"
LB-235,Nissan,sunny,2008,"10W-40,5W-40",semisynthetics,"Mobil, Pentosin, Lucas Oil, Valvoline, Royal Purple, Ecopower"
LB-236,Nissan,sunny,2009,10w-40,semisynthetics,"Mobil, Valucraft, Pentosin, Lucas Oil, Valvoline, Kixx, Exxon, Royal Purple, Mannol"
LB-237,Nissan,sunny,2011,"10W-40,15W-40",semisynthetics,"Mobil, Valucraft, Pentosin, Lucas Oil, Valvoline, Kixx, Exxon, Royal Purple, Mannol"
LB-238,Nissan,sunny,2012,"10W-40,15W-40",semisynthetics,"Mobil, Lucas Oil, Valvoline, Valucraft, Pentosin, Kixx, Exxon"
LB-239,Nissan,sunny,2013,15W-40,semisynthetics,"Mobil, Valucraft, Pentosin, Lucas Oil, Valvoline, Kixx, Exxon"
LB-240,Nissan,sunny,2014,"10W-40,15W-40","synthetics, semisynthetics","Castrol, Mobil, Valucraft, Pentosin, Lucas Oil, Valvoline, Kixx"
LB-241,Nissan,sunny,2015,"10W-40,15W-40","synthetics, semisynthetics","Valucraft, Pentosin, Mobil, SHELL, Castrol, Lucas Oil, Valvoline, Motorex"
LB-242,Nissan,sunny,2016,"10W-40,10W-50,15W-40","synthetics, semisynthetics","SHELL, Castrol, Mobil, Valucraft, Pentosin, Lucas Oil, Valvoline, Motorex"
LB-243,Nissan,sunny,2017,"10W-50,15W-40",synthetics,"Mobil, Castrol, SHELL, Valucraft, Valvoline, Lucas Oil, Pentosin, Motorex"
LB-244,Nissan,sunny,2018,"10W-50,15W-50",synthetics,"Castrol, SHELL, Mobil, Valucraft, Pentosin"
LB-245,Nissan,sunny,2019,"10W-50,15W-50",only synthetics,"SHELL, Mobil, Castrol, Valucraft"
LB-246,Nissan,sunny,2020,10W-50,only synthetics,"SHELL, Castrol, Mobil"
LB-247,Hyundai ,Santa Fe Sport ,2013,"5W-20, 5W-30",synthetic,AMSOIL 
LB-248,Hyundai ,Santa Fe Sport ,2014,"5W-20, 5W-30",synthetic,Mobil 1
LB-249,Hyundai ,Santa Fe Sport ,2015,"5W-20, 5W-30",synthetic,Mobil 1
LB-250,Hyundai ,Santa Fe Sport ,2016,"5W-20, 5W-30",synthetic,AMSOIL
LB-251,Hyundai ,Santa Fe Sport ,2017,"5W-20, 5W-30",synthetic,AMSOIL
LB-252,Hyundai ,Santa Fe Sport ,2018,"5W-20, 5W-30",synthetic,AMSOIL
LB-253,Hyundai ,Tucson ( 1st Gen ),2005,"5W-20, 5W-30","semisynthetics, mineral","Mobil, Select, Mannol, Chevron"
LB-254,Hyundai ,Tucson ( 1st Gen ),2006,"5W-20, 5W-30","semisynthetics, mineral","Mobil, Pentosin, Lucas Oil, Valvoline, Royal Purple, Select"
LB-255,Hyundai ,Tucson ( 1st Gen ),2007,"5W-20, 5W-30","semisynthetics, mineral","Mobil, Lucas Oil, Valvoline, Royal Purple, Ecopower"
LB-256,Hyundai ,Tucson ( 1st Gen ),2008,"5W-20, 5W-30",semisynthetics,"Mobil, Pentosin, Lucas Oil, Valvoline, Royal Purple, Ecopower"
LB-257,Hyundai ,Tucson ( 1st Gen ),2009,"5W-20, 5W-30",semisynthetics,"Mobil, Valucraft, Pentosin, Lucas Oil, Valvoline, Kixx, Exxon, Royal Purple, Mannol"
LB-258,Hyundai ,Tucson ( 2nd Gen ),2010,"10W-40, 5W-40, 20W-40",semisynthetics,"Mobil, Valucraft, Valvoline, Kixx, Exxon, Royal Purple, Mannol"
LB-259,Hyundai ,Tucson ( 2nd Gen ),2011,"10W-40, 5W-40, 20W-40",semisynthetics,"Mobil, Valucraft, Pentosin, Lucas Oil, Valvoline, Kixx, Exxon, Royal Purple, Manno"
LB-260,Hyundai ,Tucson ( 2nd Gen ),2012,"10W-40, 5W-40, 20W-40",semisynthetics,"Mobil, Lucas Oil, Valvoline, Valucraft, Pentosin, Kixx, Exxon"
LB-261,Hyundai ,Tucson ( 2nd Gen ),2013,"10W-40, 5W-40, 20W-40",semisynthetics,"Mobil, Valucraft, Pentosin, Lucas Oil, Valvoline, Kixx, Exxon"
LB-262,Hyundai ,Tucson ( 2nd Gen ),2014,"10W-40, 5W-40, 20W-40","synthetics, semisynthetics","Castrol, Mobil, Valucraft, Pentosin, Lucas Oil, Valvoline, Kixx"
LB-263,Hyundai ,Tucson ( 2nd Gen ),2015,"10W-40,15W-40,5W-40,20W-40","synthetics, semisynthetics","Valucraft, Pentosin, Mobil, SHELL, Castrol, Lucas Oil, Valvoline, Motorex"
LB-264,Hyundai ,Tucson ( 3rd Gen ),2016,"10W-40,10W-50,15W-40,5W-40,0W-40","synthetics, semisynthetics","SHELL, Castrol, Mobil, Valucraft, Pentosin, Lucas Oil, Valvoline, Motorex"
LB-265,Hyundai ,Tucson ( 3rd Gen ),2017,"20W-40,25W-50,0W-40,5W-50,10W-50
,15W-40,5W-40",synthetics,"Mobil, Castrol, SHELL, Valucraft, Valvoline, Lucas Oil, Pentosin, Motorex"
LB-266,Hyundai ,Tucson ( 3rd Gen ),2018,"10W-50,15W-40,15W-50,0W-40,0W-50,
25W-50,20W-40",synthetics,"Castrol, SHELL, Mobil, Valucraft, Pentosin"
LB-267,Hyundai ,Tucson ( 3rd Gen ),2019,"10W-50,15W-40,15W-50,0W-40,0W-50,
25W-50,20W-40",synthetics,"SHELL, Mobil, Castrol, Valucraft"
LB-268,Hyundai ,Tucson ( 3rd Gen ),2020,"5W-50,10W-50,0W-50,15W-50,20W-50",synthetics,"SHELL, Castrol, Mobil"
LB-269,Hyundai ,Tucson ( 3rd Gen ),2021,"5W-50,10W-60,0W-50,0W-60,15W-50,
15W-60",synthetics,"SHELL, Castrol, Mobil"
LB-270,Hyundai ,Accent ,2000,"10W-30,15W-30 5W-30,20W-30","semisynthetics, mineral","Valvoline, Kixx, Exxon, Royal Purple, Ecopower"
LB-271,Hyundai ,Accent ,2001,"10W-30,15W-30 5W-30,20W-30","semisynthetics, mineral","Mobil, Pentosin, Lucas Oil, Valvoline, Royal Purple, Mannol"
LB-272,Hyundai ,Accent ,2002,"10W-30,15W-30 5W-30,20W-30","semisynthetics, mineral","Valucraft, Pentosin, Lucas Oil, Valvoline, Kixx"
LB-273,Hyundai ,Accent ,2003,"10W-30,15W-30 5W-30,20W-30","semisynthetics, mineral","Pentosin, Lucas Oil, Valvoline, Select, Kixx, Exxon, Royal Purple, Mannol, Chevron"
LB-274,Hyundai ,Accent ,2004,"10W-30,15W-30 5W-30,20W-30","semisynthetics, mineral","Mobil, Royal Purple, Select, Mannol, Chevron"
LB-275,Hyundai ,Accent ,2005,"10W-30,15W-30 5W-30,20W-30","semisynthetics, mineral","Mobil, Select, Mannol, Chevron"
LB-276,Hyundai ,Accent ,2006,"10W-30,15W-30 5W-30,20W-30","semisynthetics, mineral","Mobil, Pentosin, Lucas Oil, Valvoline, Royal Purple, Select"
LB-277,Hyundai ,Accent ,2007,"15W-40,5W-40,25W-30","semisynthetics, mineral","Mobil, Lucas Oil, Valvoline, Royal Purple, Ecopower"
LB-278,Hyundai ,Accent ,2008,"10W-40,5W-40,0W-30,20W-40,25W-30",semisynthetics,"Mobil, Pentosin, Lucas Oil, Valvoline, Royal Purple, Ecopower"
LB-279,Hyundai ,Accent ,2009,"10W-40,5W-40,0W-30,20W-40,25W-30",semisynthetics,"Mobil, Valucraft, Pentosin, Lucas Oil, Valvoline, Kixx, Exxon, Royal Purple, Mannol"
LB-280,Hyundai ,Accent ,2010,"10W-40,5W-40,0W-30,20W-40,25W-30",semisynthetics,"Mobil, Valucraft, Valvoline, Kixx, Exxon, Royal Purple, Mannol"
LB-281,Hyundai ,Accent ,2011,"15W-40,5W-40,25W-40",semisynthetics,"Mobil, Valucraft, Pentosin, Lucas Oil, Valvoline, Kixx, Exxon, Royal Purple, Mannol"
LB-282,Hyundai ,Accent ,2012,"10W-40,0W-40,25W-40",semisynthetics,"Mobil, Lucas Oil, Valvoline, Valucraft, Pentosin, Kixx, Exxon"
LB-283,Hyundai ,Accent ,2013,"15W-40,5W-40,25W-40",semisynthetics,"Mobil, Valucraft, Pentosin, Lucas Oil, Valvoline, Kixx, Exxon"
LB-284,Hyundai ,Accent ,2014,"15W-40,0W-30,25W-40","synthetics, semisynthetics","Castrol, Mobil, Valucraft, Pentosin, Lucas Oil, Valvoline, Kixx"
LB-285,Hyundai ,Accent ,2015,"15W-40,5W-40,25W-40","synthetics, semisynthetics","Valucraft, Pentosin, Mobil, SHELL, Castrol, Lucas Oil, Valvoline, Motorex"
LB-286,Hyundai ,Accent ,2016,"15W-40,5W-50,25W-50","synthetics, semisynthetics","SHELL, Castrol, Mobil, Valucraft, Pentosin, Lucas Oil, Valvoline, Motorex"
LB-287,Hyundai ,Accent ,2017,"15W-40,0W-50,25W-50",synthetics,"Mobil, Castrol, SHELL, Valucraft, Valvoline, Lucas Oil, Pentosin, Motorex"
LB-288,Hyundai ,Accent ,2018,"15W-40,5W-50,25W-50",synthetics,"Castrol, SHELL, Mobil, Valucraft, Pentosin"
LB-289,Hyundai ,Accent ,2019,"15W-40,5W-50,25W-50",synthetics,"SHELL, Mobil, Castrol, Valucraft"
LB-290,Hyundai ,Accent ,2020,"15W-40,5W-50,25W-50",synthetics,"SHELL, Castrol, Mobil"
LB-291,Hyundai ,Elantra,2006,"10W-40, 5W-40, 20W-40, 25W-40","semisynthetics, mineral	","Mobil, Pentosin, Lucas Oil, Valvoline, Royal Purple, Select"
LB-292,Hyundai ,Elantra,2007,"10W-40, 5W-40, 20W-40, 25W-40","semisynthetics, mineral	","Mobil, Lucas Oil, Valvoline, Royal Purple, Ecopower"
LB-293,Hyundai ,Elantra,2008,"10W-40, 5W-40, 20W-40, 25W-40",semisynthetics,"Mobil, Pentosin, Lucas Oil, Valvoline, Royal Purple, Ecopower"
LB-294,Hyundai ,Elantra,2009,"10W-40, 0W-40, 20W-40, 25W-40",semisynthetics,"Mobil, Valucraft, Pentosin, Lucas Oil, Valvoline, Kixx, Exxon, Royal Purple, Mannol"
LB-295,Hyundai ,Elantra,2010,"10W-40, 5W-40, 20W-40, 25W-40",semisynthetics,"Mobil, Valucraft, Valvoline, Kixx, Exxon, Royal Purple, Mannol"
LB-296,Hyundai ,Elantra,2011,"10W-40, 5W-40, 20W-40, 25W-40",semisynthetics,"Mobil, Valucraft, Pentosin, Lucas Oil, Valvoline, Kixx, Exxon, Royal Purple, Mannol"
LB-297,Hyundai ,Elantra,2012,"15W-40, 5W-40, 20W-40",semisynthetics,"Mobil, Lucas Oil, Valvoline, Valucraft, Pentosin, Kixx, Exxon"
LB-298,Hyundai ,Elantra,2013,"15W-40, 5W-40, 20W-40",semisynthetics,"Mobil, Valucraft, Pentosin, Lucas Oil, Valvoline, Kixx, Exxon"
LB-299,Hyundai ,Elantra,2014,"15W-40, 5W-40, 20W-40","synthetics, semisynthetics	","Castrol, Mobil, Valucraft, Pentosin, Lucas Oil, Valvoline, Kixx"
LB-300,Hyundai ,Elantra,2015,"15W-40, 5W-40, 20W-40","synthetics, semisynthetics","Valucraft, Pentosin, Mobil, SHELL, Castrol, Lucas Oil, Valvoline, Motorex"
LB-301,Hyundai ,Elantra,2016,"15W-40, 5W-40, 20W-40","synthetics, semisynthetics","SHELL, Castrol, Mobil, Valucraft, Pentosin, Lucas Oil, Valvoline, Motorex"
LB-302,Hyundai ,Elantra,2017,"5W-40, 0W-40, 25W-50",synthetics,"Mobil, Castrol, SHELL, Valucraft, Valvoline, Lucas Oil, Pentosin, Motorex"
LB-303,Hyundai ,Elantra,2018,"15W-40, 0W-40, 25W-50",synthetics,"Castrol, SHELL, Mobil, Valucraft, Pentosin"
LB-304,Hyundai ,Elantra,2019,"15W-50, 0W-50, 25W-50",only synthetics,"SHELL, Mobil, Castrol, Valucraft"
LB-305,Hyundai ,Elantra,2020,"15W-50, 0W-50, 25W-50",only synthetics,"SHELL, Castrol, Mobil"
LB-306,Hyundai ,Elantra,2021,"15W-50, 0W-50, 25W-50",only synthetics,"SHELL, Castrol, Mobil"
LB-307,Jeep,Wrangler,2000,"10W-40, 5W-40, 25W-30","semisynthetics, mineral","Valvoline, Kixx, Exxon, Royal Purple, Ecopower"
LB-308,Jeep,Wrangler,2001,"10W-30, 5W-30, 20W-40","semisynthetics, mineral","Mobil, Pentosin, Lucas Oil, Valvoline, Royal Purple, Mannol"
LB-309,Jeep,Wrangler,2002,"10W-30, 5W-30, 20W-40","semisynthetics, mineral","Valucraft, Pentosin, Lucas Oil, Valvoline, Kixx"
LB-310,Jeep,Wrangler,2003,"10W-40, 5W-30, 20W-40","semisynthetics, mineral","Pentosin, Lucas Oil, Valvoline, Select, Kixx, Exxon, Royal Purple, Mannol, Chevron"
LB-311,Jeep,Wrangler,2004,"10W-30, 5W-30, 20W-40","semisynthetics, mineral","Mobil, Royal Purple, Select, Mannol, Chevron"
LB-312,Jeep,Wrangler,2005,"10W-30, 5W-30, 20W-40","semisynthetics, mineral","Mobil, Select, Mannol, Chevron"
LB-313,Jeep,Wrangler,2006,"10W-40, 10W-40, 20W-40","semisynthetics, mineral","Mobil, Pentosin, Lucas Oil, Valvoline, Royal Purple, Select"
LB-314,Jeep,Wrangler,2007,"10W-40, 10W-40, 20W-40","semisynthetics, mineral","Mobil, Lucas Oil, Valvoline, Royal Purple, Ecopower"
LB-315,Jeep,Wrangler,2008,"10W-40, 10W-40, 20W-40",semisynthetics,"Mobil, Pentosin, Lucas Oil, Valvoline, Royal Purple, Ecopower"
LB-316,Jeep,Wrangler,2009,"10W-40, 10W-40, 20W-40",semisynthetics,"Mobil, Valucraft, Pentosin, Lucas Oil, Valvoline, Kixx, Exxon, Royal Purple, Mannol"
LB-317,Jeep,Wrangler,2010,"10W-40, 10W-40, 20W-40",semisynthetics,"Mobil, Valucraft, Valvoline, Kixx, Exxon, Royal Purple, Mannol"
LB-318,Jeep,Wrangler,2011,"10W-40, 10W-40, 20W-40",semisynthetics,"Mobil, Valucraft, Pentosin, Lucas Oil, Valvoline, Kixx, Exxon, Royal Purple, Mannol"
LB-319,Jeep,Wrangler,2012,"15W-40, 0W-40, 25W-40",semisynthetics,"Mobil, Lucas Oil, Valvoline, Valucraft, Pentosin, Kixx, Exxon"
LB-320,Jeep,Wrangler,2013,"15W-40, 5W-40, 25W-40",semisynthetics,"Mobil, Valucraft, Pentosin, Lucas Oil, Valvoline, Kixx, Exxon"
LB-321,Jeep,Wrangler,2014,"15W-40, 25W-40, 0W-30","synthetics, semisynthetics	","Castrol, Mobil, Valucraft, Pentosin, Lucas Oil, Valvoline, Kixx"
LB-322,Jeep,Wrangler,2015,"15W-40, 5W-40, 25W-40","synthetics, semisynthetics	","Valucraft, Pentosin, Mobil, SHELL, Castrol, Lucas Oil, Valvoline, Motorex"
LB-323,Jeep,Wrangler,2016,"15W-40, 5W-40, 25W-40","synthetics, semisynthetics	","SHELL, Castrol, Mobil, Valucraft, Pentosin, Lucas Oil, Valvoline, Motorex"
LB-324,Jeep,Wrangler,2017,"15W-40, 5W-40, 25W-40",synthetics,"Mobil, Castrol, SHELL, Valucraft, Valvoline, Lucas Oil, Pentosin, Motorex"
LB-325,Jeep,Wrangler,2018,"15W-40, 5W-40, 25W-40",synthetics,"Castrol, SHELL, Mobil, Valucraft, Pentosin"
LB-326,Jeep,Wrangler,2019,"15W-40, 5W-40, 25W-40",only synthetics,"SHELL, Mobil, Castrol, Valucraft"
LB-327,Jeep,Wrangler,2020,"10W-50, 0W-50, 15W-50",only synthetics,"SHELL, Castrol, Mobil"
LB-328,Jeep,Wrangler,2021,"10W-60, 0W-60, 15W-60",only synthetics,"SHELL, Castrol, Mobil"
LB-329,Jeep,Liberty,2005,"10W-40, 5W-40, 20W-30","semisynthetics, mineral","Mobil, Select, Mannol, Chevron"
LB-330,Jeep,Liberty,2006,"10W-40, 5W-40, 20W-30","semisynthetics, mineral","Mobil, Pentosin, Lucas Oil, Valvoline, Royal Purple, Select"
LB-331,Jeep,Liberty,2007,"10W-40, 5W-40, 20W-30","semisynthetics, mineral","Mobil, Lucas Oil, Valvoline, Royal Purple, Ecopower"
LB-332,Jeep,Liberty,2008,"5W-40, 0W-30,25W-40",semisynthetics,"Mobil, Pentosin, Lucas Oil, Valvoline, Royal Purple, Ecopower"
LB-333,Jeep,Liberty,2009,"10W-40, 0W-30,20W-40",semisynthetics,"Mobil, Valucraft, Pentosin, Lucas Oil, Valvoline, Kixx, Exxon, Royal Purple, Mannol"
LB-334,Jeep,Liberty,2010,"15W-40, 5W-40,25W-40",semisynthetics,"Mobil, Valucraft, Valvoline, Kixx, Exxon, Royal Purple, Mannol"
LB-335,Jeep,Liberty,2011,"15W-40, 5W-40,25W-40",semisynthetics,"Mobil, Valucraft, Pentosin, Lucas Oil, Valvoline, Kixx, Exxon, Royal Purple, Mannol"
LB-336,Jeep,Liberty,2012,"15W-40, 5W-40,25W-40",semisynthetics,"Mobil, Lucas Oil, Valvoline, Valucraft, Pentosin, Kixx, Exxon"
LB-337,Jeep,Liberty,2013,"15W-40, 5W-40,25W-40",semisynthetics,"Mobil, Valucraft, Pentosin, Lucas Oil, Valvoline, Kixx, Exxon"
LB-338,Jeep,Liberty,2014,"15W-40, 5W-40,25W-40","semisynthetics, mineral","Castrol, Mobil, Valucraft, Pentosin, Lucas Oil, Valvoline, Kixx"
LB-339,Mercedes-Benz,C class( 1st Gen ),2001,"10W-40, 5W-40, 25W-30","semisynthetics, mineral","Valucraft, Pentosin, Lucas Oil, Valvoline, Kixx"
LB-340,Mercedes-Benz,C class( 1st Gen ),2002,"15W-40, 5W-40, 25W-30","semisynthetics, mineral","Pentosin, Lucas Oil, Valvoline, Select, Kixx, Exxon, Royal Purple, Mannol, Chevron"
LB-341,Mercedes-Benz,C class( 1st Gen ),2003,"15W-40,5W-40, 20W-30","semisynthetics, mineral","Pentosin, Lucas Oil, Valvoline, Select, Kixx, Exxon, Royal Purple, Mannol, Chevron"
LB-342,Mercedes-Benz,C class( 1st Gen ),2004,"15W-40,5W-40, 20W-30","semisynthetics, mineral","Mobil, Royal Purple, Select, Mannol, Chevron"
LB-343,Mercedes-Benz,C class( 1st Gen ),2005,"15W-40,5W-40, 20W-30","semisynthetics, mineral","Mobil, Pentosin, Lucas Oil, Valvoline, Royal Purple, Select"
LB-344,Mercedes-Benz,C class( 1st Gen ),2006,"15W-40,5W-40, 20W-30","semisynthetics, mineral","Mobil, Lucas Oil, Valvoline, Royal Purple, Ecopower"
LB-345,Mercedes-Benz,C class( 1st Gen ),2007,"15W-40,5W-40, 20W-30","semisynthetics, mineral","Mobil, Lucas Oil, Valvoline, Royal Purple, Ecopower"
LB-346,Mercedes-Benz,C class( 2nd Gen ),2008,"10W-40,5W-40, 20W-40",semisynthetics,"Mobil, Pentosin, Lucas Oil, Valvoline, Royal Purple, Ecopower"
LB-347,Mercedes-Benz,C class( 2nd Gen ),2009,"10W-40,5W-40, 20W-40",semisynthetics,"Mobil, Valucraft, Pentosin, Lucas Oil, Valvoline, Kixx, Exxon, Royal Purple, Mannol"
LB-348,Mercedes-Benz,C class( 2nd Gen ),2010,"10W-40,5W-40, 20W-40",semisynthetics,"Mobil, Valucraft, Valvoline, Kixx, Exxon, Royal Purple, Mannol"
LB-349,Mercedes-Benz,C class( 2nd Gen ),2011,"10W-40,5W-40, 20W-40",semisynthetics,"Mobil, Valucraft, Pentosin, Lucas Oil, Valvoline, Kixx, Exxon, Royal Purple, Mannol"
LB-350,Mercedes-Benz,C class( 2nd Gen ),2012,"10W-40,5W-40, 20W-40",semisynthetics,"Mobil, Lucas Oil, Valvoline, Valucraft, Pentosin, Kixx, Exxon"
LB-351,Mercedes-Benz,C class( 2nd Gen ),2013,"10W-40,5W-40, 20W-40",semisynthetics,"Mobil, Valucraft, Pentosin, Lucas Oil, Valvoline, Kixx, Exxon"
LB-352,Mercedes-Benz,C class( 2nd Gen ),2014,"10W-40,5W-40, 20W-40","semisynthetics, mineral","Castrol, Mobil, Valucraft, Pentosin, Lucas Oil, Valvoline, Kixx"
LB-353,Mercedes-Benz,C class( 3rdGen ),2015,"15W-40, 5W-40, 25W-40","synthetics, semisynthetics","Valucraft, Pentosin, Mobil, SHELL, Castrol, Lucas Oil, Valvoline, Motorex"
LB-354,Mercedes-Benz,C class( 3rdGen ),2016,"15W-40, 5W-40, 25W-40","synthetics, semisynthetics","SHELL, Castrol, Mobil, Valucraft, Pentosin, Lucas Oil, Valvoline, Motorex"
LB-355,Mercedes-Benz,C class( 3rdGen ),2017,"15W-40, 5W-40, 25W-40",synthetics,"Mobil, Castrol, SHELL, Valucraft, Valvoline, Lucas Oil, Pentosin, Motorex"
LB-356,Mercedes-Benz,C class( 3rdGen ),2018,"15W-40, 5W-40, 25W-40",synthetics,"Castrol, SHELL, Mobil, Valucraft, Pentosin"
LB-357,Mercedes-Benz,C class( 3rdGen ),2019,"15W-40, 5W-40, 25W-40",only synthetics,"SHELL, Mobil, Castrol, Valucraft"
LB-358,Mercedes-Benz,C class( 3rdGen ),2020,"15W-40, 5W-40, 25W-40",only synthetics,"SHELL, Castrol, Mobil"
LB-359,Mercedes-Benz,S class ( 2nd Gen ),2007,"5W-40, 5W-30	, 25W-30","semisynthetics, mineral","Mobil, Lucas Oil, Valvoline, Royal Purple, Ecopower"
LB-360,Mercedes-Benz,S class ( 2nd Gen ),2008,"10W-40, 5W-30, 25W-30",semisynthetics,"Mobil, Pentosin, Lucas Oil, Valvoline, Royal Purple, Ecopower"
LB-361,Mercedes-Benz,S class ( 2nd Gen ),2009,"10W-40, 5W-30, 25W-30",semisynthetics,"Mobil, Valucraft, Pentosin, Lucas Oil, Valvoline, Kixx, Exxon, Royal Purple, Mannol"
LB-362,Mercedes-Benz,S class ( 2nd Gen ),2010,"10W-40, 5W-30, 25W-30",semisynthetics,"Mobil, Valucraft, Valvoline, Kixx, Exxon, Royal Purple, Mannol"
LB-363,Mercedes-Benz,S class ( 2nd Gen ),2011,"10W-40, 5W-30, 25W-30",semisynthetics,"Mobil, Valucraft, Pentosin, Lucas Oil, Valvoline, Kixx, Exxon, Royal Purple, Mannol"
LB-364,Mercedes-Benz,S class ( 2nd Gen ),2012,"10W-40, 5W-30, 25W-30",semisynthetics,"Mobil, Lucas Oil, Valvoline, Valucraft, Pentosin, Kixx, Exxon"
LB-365,Mercedes-Benz,S class ( 2nd Gen ),2013,"10W-40, 5W-30, 25W-30",semisynthetics,"Mobil, Valucraft, Pentosin, Lucas Oil, Valvoline, Kixx, Exxon"
LB-366,Mercedes-Benz,S class ( 3rdGen ),2014,"10W-40, 5W-30, 25W-30","synthetics, semisynthetics","Castrol, Mobil, Valucraft, Pentosin, Lucas Oil, Valvoline, Kixx"
LB-367,Mercedes-Benz,S class ( 3rdGen ),2015,"10W-40, 5W-30, 25W-30","synthetics, semisynthetics","Valucraft, Pentosin, Mobil, SHELL, Castrol, Lucas Oil, Valvoline, Motorex"
LB-368,Mercedes-Benz,S class ( 3rdGen ),2016,"10W-40, 5W-30, 25W-30","synthetics, semisynthetics","SHELL, Castrol, Mobil, Valucraft, Pentosin, Lucas Oil, Valvoline, Motorex"
LB-369,Mercedes-Benz,S class ( 3rdGen ),2017,"10W-40, 5W-30, 25W-30",synthetics,"Castrol, SHELL, Mobil, Valucraft, Pentosin"
LB-370,Mercedes-Benz,S class ( 3rdGen ),2018,"10W-40, 0W-30, 25W-40",only synthetics,"Castrol, SHELL, Mobil, Valucraft, Pentosin"
LB-371,Mercedes-Benz,S class ( 3rdGen ),2019,"10W-40, 0W-30, 25W-40",only synthetics,"SHELL, Mobil, Castrol, Valucraft"
LB-372,Mercedes-Benz,S class ( 3rdGen ),2020,"10W-40, 0W-30, 25W-40",only synthetics,"SHELL, Castrol, Mobil"
LB-373,Mercedes-Benz,E class ( 2nd Gen ),2002,"15W-30,5W-40,20W-40","semisynthetics, mineral","Valucraft, Pentosin, Lucas Oil, Valvoline, Kixx"
LB-374,Mercedes-Benz,E class ( 2nd Gen ),2003,"10W-40, 5W-30, 20W-40","semisynthetics, mineral","Pentosin, Lucas Oil, Valvoline, Select, Kixx, Exxon, Royal Purple, Mannol, Chevron"
LB-375,Mercedes-Benz,E class ( 2nd Gen ),2004,"10W-40, 5W-30, 20W-40","semisynthetics, mineral","Mobil, Royal Purple, Select, Mannol, Chevron"
LB-376,Mercedes-Benz,E class ( 2nd Gen ),2005,"10W-40, 5W-30, 20W-40","semisynthetics, mineral","Mobil, Select, Mannol, Chevron"
LB-377,Mercedes-Benz,E class ( 2nd Gen ),2006,"10W-40, 5W-30, 20W-40","semisynthetics, mineral","Mobil, Pentosin, Lucas Oil, Valvoline, Royal Purple, Select"
LB-378,Mercedes-Benz,E class ( 3rdGen ),2007,"15W-40, 0W-30,20W-30","semisynthetics, mineral","Mobil, Lucas Oil, Valvoline, Royal Purple, Ecopower"
LB-379,Mercedes-Benz,E class ( 3rdGen ),2008,"15W-40, 0W-30,20W-30",semisynthetics,"Mobil, Pentosin, Lucas Oil, Valvoline, Royal Purple, Ecopower"
LB-380,Mercedes-Benz,E class ( 3rdGen ),2009,"15W-40, 0W-30,20W-30",semisynthetics,"Mobil, Valucraft, Pentosin, Lucas Oil, Valvoline, Kixx, Exxon, Royal Purple, Mannol"
LB-381,Mercedes-Benz,E class ( 4thGen ),2010,"15W-40,5W-40, 25W-40",semisynthetics,"Mobil, Valucraft, Valvoline, Kixx, Exxon, Royal Purple, Mannol"
LB-382,Mercedes-Benz,E class ( 4thGen ),2011,"15W-40,5W-40, 25W-40",semisynthetics,"Mobil, Valucraft, Pentosin, Lucas Oil, Valvoline, Kixx, Exxon, Royal Purple, Mannol"
LB-383,Mercedes-Benz,E class ( 4thGen ),2012,"15W-40,5W-40, 25W-40",semisynthetics,"Mobil, Valucraft, Pentosin, Lucas Oil, Valvoline, Kixx, Exxon"
LB-384,Mercedes-Benz,E class ( 4thGen ),2013,"15W-40,5W-40, 25W-40",semisynthetics,"Mobil, Valucraft, Pentosin, Lucas Oil, Valvoline, Kixx, Exxon"
LB-385,Mercedes-Benz,E class ( 4thGen ),2014,"15W-40,5W-40, 25W-40","synthetics, semisynthetics","Castrol, Mobil, Valucraft, Pentosin, Lucas Oil, Valvoline, Kixx"
LB-386,Mercedes-Benz,E class ( 4thGen ),2015,"15W-40,5W-40, 25W-40","synthetics, semisynthetics","Valucraft, Pentosin, Mobil, SHELL, Castrol, Lucas Oil, Valvoline, Motorex"
LB-387,Mercedes-Benz,E class ( 4thGen ),2016,"15W-40,5W-40, 25W-40","synthetics, semisynthetics","SHELL, Castrol, Mobil, Valucraft, Pentosin, Lucas Oil, Valvoline, Motorex"
LB-388,Mercedes-Benz,E class ( 5thGen ),2017,"15W-40,5W-40, 25W-40",synthetics,"Mobil, Castrol, SHELL, Valucraft, Valvoline, Lucas Oil, Pentosin, Motorex"
LB-389,Mercedes-Benz,E class ( 5thGen ),2018,"15W-50, 0W-50, 25W-50",synthetics,"Castrol, SHELL, Mobil, Valucraft, Pentosin"
LB-390,Mercedes-Benz,E class ( 5thGen ),2019,"15W-50, 0W-50, 25W-50",only synthetics,"SHELL, Mobil, Castrol, Valucraft"
LB-391,Mercedes-Benz,E class ( 5thGen ),2020,"15W-50, 0W-50, 25W-50",only synthetics,"SHELL, Castrol, Mobil"
LB-392,Suzuki,SX4,2006,"5W-40,10W-40,25W-40","semisynthetics, mineral","Mobil, Pentosin, Lucas Oil, Valvoline, Royal Purple, Select"
LB-393,Suzuki,SX4,2007,"5W-40,10W-40,25W-40","semisynthetics, mineral","Mobil, Lucas Oil, Valvoline, Royal Purple, Ecopower"
LB-394,Suzuki,SX4,2008,"5W-40,10W-40,25W-40",semisynthetics,"Mobil, Pentosin, Lucas Oil, Valvoline, Royal Purple, Ecopower"
LB-395,Suzuki,SX4,2009,"5W-40,10W-40,25W-40",semisynthetics,"Mobil, Valucraft, Pentosin, Lucas Oil, Valvoline, Kixx, Exxon, Royal Purple, Mannol"
LB-396,Suzuki,SX4,2010,"5W-40,10W-40,25W-40",semisynthetics,"Mobil, Valucraft, Valvoline, Kixx, Exxon, Royal Purple, Mannol"
LB-397,Suzuki,SX4,2011,"5W-40,10W-40,25W-40",semisynthetics,"Mobil, Valucraft, Pentosin, Lucas Oil, Valvoline, Kixx, Exxon, Royal Purple, Mannol"
LB-398,Suzuki,SX4,2012,"5W-40,10W-40,25W-40",semisynthetics,"Mobil, Lucas Oil, Valvoline, Valucraft, Pentosin, Kixx, Exxon"
LB-399,Suzuki,SX4,2013,"5W-40,10W-40,25W-40",semisynthetics,"Mobil, Lucas Oil, Valvoline, Valucraft, Pentosin, Kixx, Exxon"
LB-400,Suzuki,Swift,2014,"5W-40,10W-40,25W-40","synthetics, semisynthetics","Castrol, Mobil, Valucraft, Pentosin, Lucas Oil, Valvoline, Kixx"
LB-401,Suzuki,Swift,2015,"5W-40,10W-40,25W-40","synthetics, semisynthetics","Valucraft, Pentosin, Mobil, SHELL, Castrol, Lucas Oil, Valvoline, Motorex"
LB-402,Suzuki,Swift,2016,"5W-40,10W-40,25W-40","synthetics, semisynthetics","Valucraft, Pentosin, Mobil, SHELL, Castrol, Lucas Oil, Valvoline, Motorex"
LB-403,Suzuki,Swift,2017,"5W-40,0W-40,25W-50",synthetics,"Mobil, Castrol, SHELL, Valucraft, Valvoline, Lucas Oil, Pentosin, Motorex"
LB-404,Suzuki,Swift,2018,"5W-40,0W-40,25W-50",synthetics,"Castrol, SHELL, Mobil, Valucraft, Pentosin"
LB-405,Suzuki,Swift,2019,"5W-40,0W-40,25W-50",only synthetics,"SHELL, Mobil, Castrol, Valucraft"
LB-406,Suzuki,Swift,2020,"5W-40,0W-40,25W-50",only synthetics,"SHELL, Castrol, Mobil"
LB-407,Suzuki,Swift,2021,"5W-40,0W-40,25W-50",only synthetics,"SHELL, Castrol, Mobil"
LB-408,Suzuki,Alto,2005,"10W-40,5W-40,20W-30","semisynthetics, mineral","Mobil, Select, Mannol, Chevron"
LB-409,Suzuki,Alto,2006,"10W-40,5W-40,20W-30","semisynthetics, mineral","Mobil, Pentosin, Lucas Oil, Valvoline, Royal Purple, Select"
LB-410,Suzuki,Alto,2007,"10W-40,5W-40,20W-30","semisynthetics, mineral","Mobil, Lucas Oil, Valvoline, Royal Purple, Ecopower"
LB-411,Suzuki,Alto,2008,"10W-40,5W-40,20W-30",semisynthetics,"Mobil, Pentosin, Lucas Oil, Valvoline, Royal Purple, Ecopower"
LB-412,Suzuki,Alto,2009,"10W-40,5W-40,20W-40",semisynthetics,"Mobil, Valucraft, Pentosin, Lucas Oil, Valvoline, Kixx, Exxon, Royal Purple, Mannol"
LB-413,Suzuki,Alto,2010,"10W-40,5W-40,20W-40",semisynthetics,"Mobil, Valucraft, Valvoline, Kixx, Exxon, Royal Purple, Mannol"
LB-414,Suzuki,Alto,2011,"10W-40,5W-40,20W-40",semisynthetics,"Mobil, Valucraft, Pentosin, Lucas Oil, Valvoline, Kixx, Exxon, Royal Purple, Mannol"
LB-415,Suzuki,Alto,2012,"10W-40,5W-40,20W-40",semisynthetics,"Mobil, Lucas Oil, Valvoline, Valucraft, Pentosin, Kixx, Exxon"
LB-416,Suzuki,Alto,2013,"10W-40,5W-40,20W-40",semisynthetics,"Mobil, Valucraft, Pentosin, Lucas Oil, Valvoline, Kixx, Exxon"
LB-417,Suzuki,Alto,2014,"10W-40,5W-40,20W-40",semisynthetics,"Castrol, Mobil, Valucraft, Pentosin, Lucas Oil, Valvoline, Kixx"
LB-418,Suzuki,Alto,2015,"10W-40,5W-40,20W-40","synthetics, semisynthetics","Valucraft, Pentosin, Mobil, SHELL, Castrol, Lucas Oil, Valvoline, Motorex"
LB-419,Suzuki,Alto,2016,"10W-40,5W-40,20W-40","synthetics, semisynthetics","SHELL, Castrol, Mobil, Valucraft, Pentosin, Lucas Oil, Valvoline, Motorex"
LB-420,Suzuki,Alto,2017,"10W-40,5W-40,20W-40",synthetics,"Mobil, Castrol, SHELL, Valucraft, Valvoline, Lucas Oil, Pentosin, Motorex"
LB-421,Suzuki,Alto,2018,"10W-40,5W-40,20W-40",synthetics,"Castrol, SHELL, Mobil, Valucraft, Pentosin"
LB-422,Suzuki,Alto,2019,"10W-40,5W-40,20W-40",only synthetics,"SHELL, Mobil, Castrol, Valucraft"
LB-423,Suzuki,Alto,2020,"10W-40,5W-40,20W-40",only synthetics,"SHELL, Castrol, Mobil"
LB-424,Suzuki,Alto,2021,"10W-40,5W-40,20W-40",only synthetics,"SHELL, Castrol, Mobil"
LB-425,Suzuki,Wagon-r,2009,"5W-40,0W-40,25W-40",semisynthetics,"Mobil, Valucraft, Pentosin, Lucas Oil, Valvoline, Kixx, Exxon, Royal Purple, Mannol"
LB-426,Suzuki,Wagon-r,2010,"5W-40,0W-40,25W-40",semisynthetics,"Mobil, Valucraft, Valvoline, Kixx, Exxon, Royal Purple, Mannol"
LB-427,Suzuki,Wagon-r,2011,"5W-40,0W-40,25W-40",semisynthetics,"Mobil, Valucraft, Pentosin, Lucas Oil, Valvoline, Kixx, Exxon, Royal Purple, Mannol"
LB-428,Suzuki,Wagon-r,2012,"5W-40,0W-40,25W-40",semisynthetics,"Mobil, Lucas Oil, Valvoline, Valucraft, Pentosin, Kixx, Exxon"
LB-429,Suzuki,Wagon-r,2013,"5W-40,0W-40,25W-40",semisynthetics,"Mobil, Valucraft, Pentosin, Lucas Oil, Valvoline, Kixx, Exxon"
LB-430,Suzuki,Wagon-r,2014,"5W-40,0W-40,25W-40","synthetics, semisynthetics","Castrol, Mobil, Valucraft, Pentosin, Lucas Oil, Valvoline, Kixx"
LB-431,Suzuki,Wagon-r,2015,"15W-40,0W-40,20W-40","synthetics, semisynthetics","Valucraft, Pentosin, Mobil, SHELL, Castrol, Lucas Oil, Valvoline, Motorex"
LB-432,Suzuki,Wagon-r,2016,"15W-40,0W-40,20W-40","synthetics, semisynthetics","SHELL, Castrol, Mobil, Valucraft, Pentosin, Lucas Oil, Valvoline, Motorex"
LB-433,Suzuki,Wagon-r,2017,"15W-40,0W-40,20W-40",synthetics,"Mobil, Castrol, SHELL, Valucraft, Valvoline, Lucas Oil, Pentosin, Motorex"
LB-434,Suzuki,Wagon-r,2018,"15W-40,0W-40,20W-40",synthetics,"Castrol, SHELL, Mobil, Valucraft, Pentosin"
LB-435,Suzuki,Wagon-r,2019,"15W-40,0W-40,20W-40",only synthetics,"SHELL, Mobil, Castrol, Valucraft"
LB-436,Suzuki,Wagon-r,2020,"15W-40,0W-40,20W-40",only synthetics,"SHELL, Castrol, Mobil"